{
  "state": {
    "reported": {
      "roam": {
        "v": {
          "band": 20,
          "nw": "LTE-M",
          "rsrp": -90,
          "area": 33129,
          "mccmnc": 24201,
          "cell": 21679616,
          "ip": "100.73.120.2",
          "eest": 7
        },
        "ts": 1701900276787
      },
      "env": {
        "v": {
          "temp": 20.794578,
          "hum": 9.73001,
          "atmp": 101.054242187,
          "bsec_iaq": 199
        },
        "ts": 1701900276736
      },
      "fg": {
        "ts": 1701900277007,
        "v": {
          "V": 4161,
          "SoC": 89,
          "I": null,
          "T": null,
          "TTE": null,
          "TTF": null
        }
      },
      "sol": {
        "v": { "gain": 0, "bat": 4.15999984741211 },
        "ts": 1701900277005
      }
    }
  }
}
